{
  "train": [
    {
      "epoch": 1,
      "loss": 1.6314923191070556,
      "dice_loss": 0.6603578341007232,
      "ce_loss": 2.6026267886161802,
      "dice_mean": 0.027383890002965927,
      "iou_mean": 0.011969470418989658,
      "lr": 9.997557473810373e-05
    },
    {
      "epoch": 2,
      "loss": 1.0851338785886764,
      "dice_loss": 0.6399813935160636,
      "ce_loss": 1.5302863550186157,
      "dice_mean": 0.038001079112291336,
      "iou_mean": 0.0010407500667497516,
      "lr": 9.990232305719946e-05
    }
  ],
  "val": [
    {
      "epoch": 1,
      "loss": 1.3391678190231324,
      "dice_loss": 0.6297187876701354,
      "ce_loss": 2.0486168670654297,
      "dice_mean": 0.037057019770145416,
      "iou_mean": 0.00689098471775651
    },
    {
      "epoch": 2,
      "loss": 0.8489038825035096,
      "dice_loss": 0.6182614254951477,
      "ce_loss": 1.0795463442802429,
      "dice_mean": 0.037840090692043304,
      "iou_mean": 1.7178382449856144e-06
    }
  ]
}