{
  "condition_a": {
    "dice_mean": 0.03931449353694916,
    "iou_mean": 1.680386617408658e-06,
    "dice_per_class": [
      0.9828622937202454,
      0.0,
      0.0,
      0.0,
      0.0,
      0.0,
      0.0,
      0.0,
      0.0,
      0.0,
      0.0,
      0.0,
      0.0,
      0.0,
      0.0,
      0.0,
      0.0,
      0.0,
      0.0,
      0.0,
      0.0,
      0.0,
      0.0,
      0.0,
      0.0,
      0.0
    ]
  }
}